"RK",TIERS,"PLAYER NAME",TEAM,"POS","BYE WEEK","SOS SEASON","ECR VS. ADP"
"1",1,"Ja'Marr Chase",CIN,"WR1","10","3 out of 5 stars","0"
"2",1,"Bijan Robinson",ATL,"RB1","5","4 out of 5 stars","0"
"3",1,"Justin Jefferson",MIN,"WR2","6","2 out of 5 stars","+2"
"4",1,"CeeDee Lamb",DAL,"WR3","10","2 out of 5 stars","+2"
"5",2,"Puka Nacua",LAR,"WR4","8","3 out of 5 stars","+3"
"6",2,"Jahmyr Gibbs",DET,"RB2","8","2 out of 5 stars","-2"
"7",2,"Amon-Ra St. Brown",DET,"WR5","8","3 out of 5 stars","0"
"8",2,"Malik Nabers",NYG,"WR6","14","2 out of 5 stars","+1"
"9",2,"Saquon Barkley",PHI,"RB3","9","3 out of 5 stars","-6"
"10",2,"Nico Collins",HOU,"WR7","6","4 out of 5 stars","+4"
"11",2,"Brian Thomas Jr.",JAC,"WR8","8","4 out of 5 stars","+4"
"12",2,"Christian McCaffrey",SF,"RB4","14","3 out of 5 stars","-2"
"13",3,"Drake London",ATL,"WR9","5","3 out of 5 stars","+6"
"14",3,"Ladd McConkey",LAC,"WR10","12","3 out of 5 stars","+11"
"15",3,"Brock Bowers",LV,"TE1","8","2 out of 5 stars","+3"
"16",3,"A.J. Brown",PHI,"WR11","9","3 out of 5 stars","+1"
"17",3,"De'Von Achane",MIA,"RB5","12","4 out of 5 stars","-4"
"18",3,"Ashton Jeanty",LV,"RB6","8","2 out of 5 stars","-7"
"19",4,"Trey McBride",ARI,"TE2","8","5 out of 5 stars","+7"
"20",4,"Jaxon Smith-Njigba",SEA,"WR12","8","3 out of 5 stars","+12"
"21",4,"Tyreek Hill",MIA,"WR13","12","3 out of 5 stars","+7"
"22",4,"Derrick Henry",BAL,"RB7","7","4 out of 5 stars","-10"
"23",4,"Tee Higgins",CIN,"WR14","10","3 out of 5 stars","+7"
"24",4,"Josh Allen",BUF,"QB1","7","4 out of 5 stars","-1"
"25",4,"Garrett Wilson",NYJ,"WR15","9","4 out of 5 stars","+9"
"26",4,"Bucky Irving",TB,"RB8","9","3 out of 5 stars","-5"
"27",4,"Lamar Jackson",BAL,"QB2","7","3 out of 5 stars","-5"
"28",4,"Chase Brown",CIN,"RB9","10","4 out of 5 stars","-1"
"29",5,"George Kittle",SF,"TE3","14","3 out of 5 stars","+9"
"30",5,"Mike Evans",TB,"WR16","9","3 out of 5 stars","+12"
"31",5,"Jalen Hurts",PHI,"QB3","9","3 out of 5 stars","+9"
"32",5,"Josh Jacobs",GB,"RB10","5","4 out of 5 stars","-16"
"33",5,"Davante Adams",LAR,"WR17","8","3 out of 5 stars","+3"
"34",5,"Marvin Harrison Jr.",ARI,"WR18","8","4 out of 5 stars","+9"
"35",5,"Terry McLaurin",WAS,"WR19","12","3 out of 5 stars","+2"
"36",5,"Jayden Daniels",WAS,"QB4","12","2 out of 5 stars","-7"
"37",5,"Jonathan Taylor",IND,"RB11","11","2 out of 5 stars","-17"
"38",5,"Alvin Kamara",NO,"RB12","11","4 out of 5 stars","+3"
"39",5,"DJ Moore",CHI,"WR20","5","2 out of 5 stars","+9"
"40",5,"Kyren Williams",LAR,"RB13","8","3 out of 5 stars","-16"
"41",5,"Breece Hall",NYJ,"RB14","9","5 out of 5 stars","-8"
"42",5,"DK Metcalf",PIT,"WR21","5","4 out of 5 stars","+7"
"43",5,"Kenneth Walker III",SEA,"RB15","8","3 out of 5 stars","-4"
"44",5,"Courtland Sutton",DEN,"WR22","12","3 out of 5 stars","+8"
"45",5,"DeVonta Smith",PHI,"WR23","9","3 out of 5 stars","+9"
"46",6,"James Conner",ARI,"RB16","8","3 out of 5 stars","0"
"47",6,"James Cook",BUF,"RB17","7","4 out of 5 stars","-16"
"48",6,"Joe Burrow",CIN,"QB5","10","2 out of 5 stars","-13"
"49",6,"Omarion Hampton",LAC,"RB18","12","2 out of 5 stars","-5"
"50",6,"Jameson Williams",DET,"WR24","8","3 out of 5 stars","+10"
"51",6,"Xavier Worthy",KC,"WR25","10","3 out of 5 stars","+4"
"52",6,"Zay Flowers",BAL,"WR26","7","3 out of 5 stars","+7"
"53",6,"Chuba Hubbard",CAR,"RB19","14","3 out of 5 stars","-8"
"54",6,"Tetairoa McMillan",CAR,"WR27","14","4 out of 5 stars","+15"
"55",6,"Rashee Rice",KC,"WR28","10","3 out of 5 stars","-8"
"56",6,"Jaylen Waddle",MIA,"WR29","12","3 out of 5 stars","+16"
"57",6,"Patrick Mahomes II",KC,"QB6","10","3 out of 5 stars","-4"
"58",6,"George Pickens",DAL,"WR30","10","2 out of 5 stars","+9"
"59",7,"Joe Mixon",HOU,"RB20","6","2 out of 5 stars","-9"
"60",7,"D'Andre Swift",CHI,"RB21","5","3 out of 5 stars","-4"
"61",7,"Aaron Jones Sr.",MIN,"RB22","6","3 out of 5 stars","+4"
"62",7,"Calvin Ridley",TEN,"WR31","10","4 out of 5 stars","+8"
"63",7,"Chris Olave",NO,"WR32","11","4 out of 5 stars","+15"
"64",7,"Sam LaPorta",DET,"TE4","8","3 out of 5 stars","-13"
"65",7,"RJ Harvey",DEN,"RB23","12","2 out of 5 stars","-2"
"66",7,"Bo Nix",DEN,"QB7","12","4 out of 5 stars","+10"
"67",7,"T.J. Hockenson",MIN,"TE5","6","3 out of 5 stars","-6"
"68",7,"David Montgomery",DET,"RB24","8","2 out of 5 stars","-11"
"69",7,"TreVeyon Henderson",NE,"RB25","14","4 out of 5 stars","-11"
"70",7,"Baker Mayfield",TB,"QB8","9","2 out of 5 stars","-4"
"71",7,"Jerry Jeudy",CLE,"WR33","9","2 out of 5 stars","+4"
"72",7,"Travis Kelce",KC,"TE6","10","3 out of 5 stars","-10"
"73",7,"Tony Pollard",TEN,"RB26","10","2 out of 5 stars","0"
"74",7,"Jakobi Meyers",LV,"WR34","8","4 out of 5 stars","+17"
"75",7,"Kyler Murray",ARI,"QB9","8","4 out of 5 stars","+8"
"76",7,"Rome Odunze",CHI,"WR35","5","2 out of 5 stars","+5"
"77",7,"Chris Godwin",TB,"WR36","9","3 out of 5 stars","0"
"78",7,"David Njoku",CLE,"TE7","9","3 out of 5 stars","+6"
"79",7,"Isiah Pacheco",KC,"RB27","10","2 out of 5 stars","-11"
"80",7,"Travis Hunter",JAC,"WR37","8","4 out of 5 stars","-16"
"81",7,"Kaleb Johnson",PIT,"RB28","5","4 out of 5 stars","-10"
"82",7,"Jordan Addison",MIN,"WR38","6","2 out of 5 stars","-3"
"83",7,"Evan Engram",DEN,"TE8","12","3 out of 5 stars","-1"
"84",8,"Jauan Jennings",SF,"WR39","14","4 out of 5 stars","+10"
"85",8,"Jaylen Warren",PIT,"RB29","5","4 out of 5 stars","+4"
"86",8,"Stefon Diggs",NE,"WR40","14","3 out of 5 stars","+1"
"87",8,"Brian Robinson Jr.",WAS,"RB30","12","2 out of 5 stars","-7"
"88",8,"Khalil Shakir",BUF,"WR41","7","3 out of 5 stars","+5"
"89",8,"Brock Purdy",SF,"QB10","14","4 out of 5 stars","+9"
"90",8,"Jayden Reed",GB,"WR42","5","2 out of 5 stars","+14"
"91",8,"Javonte Williams",DAL,"RB31","10","2 out of 5 stars","+6"
"92",8,"Dak Prescott",DAL,"QB11","10","2 out of 5 stars","+10"
"93",8,"Travis Etienne Jr.",JAC,"RB32","8","2 out of 5 stars","+2"
"94",8,"Mark Andrews",BAL,"TE9","7","3 out of 5 stars","-20"
"95",8,"Justin Herbert",LAC,"QB12","12","3 out of 5 stars","+18"
"96",8,"Josh Downs",IND,"WR43","11","4 out of 5 stars","+26"
"97",8,"Justin Fields",NYJ,"QB13","9","5 out of 5 stars","+3"
"98",8,"Caleb Williams",CHI,"QB14","5","2 out of 5 stars","+13"
"99",8,"Jake Ferguson",DAL,"TE10","10","2 out of 5 stars","+32"
"100",8,"Michael Pittman Jr.",IND,"WR44","11","4 out of 5 stars","+23"
"101",8,"Deebo Samuel Sr.",WAS,"WR45","12","3 out of 5 stars","-15"
"102",8,"Jared Goff",DET,"QB15","8","2 out of 5 stars","-1"
"103",8,"Tyrone Tracy Jr.",NYG,"RB33","14","3 out of 5 stars","-15"
"104",8,"Ricky Pearsall",SF,"WR46","14","4 out of 5 stars","-5"
"105",8,"Darnell Mooney",ATL,"WR47","5","3 out of 5 stars","+21"
"106",8,"Cooper Kupp",SEA,"WR48","8","3 out of 5 stars","-21"
"107",9,"Tyler Warren",IND,"TE11","11","3 out of 5 stars","+1"
"108",9,"Tucker Kraft",GB,"TE12","5","2 out of 5 stars","+1"
"109",9,"Quinshon Judkins",CLE,"RB34","9","4 out of 5 stars","-19"
"110",9,"Cam Skattebo",NYG,"RB35","14","3 out of 5 stars","-18"
"111",9,"Trevor Lawrence",JAC,"QB16","8","3 out of 5 stars","+53"
"112",9,"Zach Charbonnet",SEA,"RB36","8","3 out of 5 stars","+5"
"113",9,"Drake Maye",NE,"QB17","14","5 out of 5 stars","+31"
"114",9,"Dallas Goedert",PHI,"TE13","9","3 out of 5 stars","+19"
"115",9,"Rachaad White",TB,"RB37","9","3 out of 5 stars","+9"
"116",9,"Jordan Love",GB,"QB18","5","2 out of 5 stars","+12"
"117",9,"C.J. Stroud",HOU,"QB19","6","3 out of 5 stars","+19"
"118",9,"Matthew Golden",GB,"WR49","5","2 out of 5 stars","-22"
"119",9,"J.J. McCarthy",MIN,"QB20","6","2 out of 5 stars","+27"
"120",9,"Dalton Kincaid",BUF,"TE14","7","3 out of 5 stars","+7"
"121",9,"Jordan Mason",MIN,"RB38","6","3 out of 5 stars","-7"
"122",9,"Tyjae Spears",TEN,"RB39","10","2 out of 5 stars","+3"
"123",9,"Jayden Higgins",HOU,"WR50","6","4 out of 5 stars","+18"
"124",9,"J.K. Dobbins",DEN,"RB40","12","2 out of 5 stars","-9"
"125",9,"Najee Harris",LAC,"RB41","12","2 out of 5 stars","-19"
"126",9,"Emeka Egbuka",TB,"WR51","9","3 out of 5 stars","-7"
"127",9,"Wan'Dale Robinson",NYG,"WR52","14","2 out of 5 stars","+72"
"128",9,"Austin Ekeler",WAS,"RB42","12","2 out of 5 stars","+2"
"129",9,"Rhamondre Stevenson",NE,"RB43","14","4 out of 5 stars","-26"
"130",9,"Rashid Shaheed",NO,"WR53","11","4 out of 5 stars","+19"
"131",9,"Keon Coleman",BUF,"WR54","7","3 out of 5 stars","-10"
"132",9,"Colston Loveland",CHI,"TE15","5","4 out of 5 stars","-20"
"133",9,"Tank Bigsby",JAC,"RB44","8","2 out of 5 stars","+4"
"134",9,"Geno Smith",LV,"QB21","8","3 out of 5 stars","+66"
"135",9,"Matthew Stafford",LAR,"QB22","8","3 out of 5 stars","+39"
"136",9,"Hunter Henry",NE,"TE16","14","3 out of 5 stars","+23"
"137",10,"Ray Davis",BUF,"RB45","7","4 out of 5 stars","+31"
"138",10,"Tua Tagovailoa",MIA,"QB23","12","5 out of 5 stars","+27"
"139",10,"Bryce Young",CAR,"QB24","14","3 out of 5 stars","+68"
"140",10,"Jerome Ford",CLE,"RB46","9","4 out of 5 stars","+20"
"141",10,"Christian Kirk",HOU,"WR55","6","4 out of 5 stars","+22"
"142",10,"Brandon Aiyuk",SF,"WR56","14","4 out of 5 stars","-24"
"143",10,"Luther Burden III",CHI,"WR57","5","2 out of 5 stars","+12"
"144",10,"Rashod Bateman",BAL,"WR58","7","3 out of 5 stars","+28"
"145",10,"Marvin Mims Jr.",DEN,"WR59","12","3 out of 5 stars","+7"
"146",10,"Cedric Tillman",CLE,"WR60","9","2 out of 5 stars","+47"
"147",10,"Denver Broncos",DEN,"DST1","12","4 out of 5 stars","-40"
"148",10,"Trey Benson",ARI,"RB47","8","3 out of 5 stars","+9"
"149",10,"Isaiah Likely",BAL,"TE17","7","3 out of 5 stars","+13"
"150",10,"Roschon Johnson",CHI,"RB48","5","3 out of 5 stars","+48"
"151",10,"Tyler Allgeier",ATL,"RB49","5","4 out of 5 stars","+10"
"152",10,"Adam Thielen",CAR,"WR61","14","4 out of 5 stars","+29"
"153",10,"Quentin Johnston",LAC,"WR62","12","3 out of 5 stars","+38"
"154",10,"Tre' Harris",LAC,"WR63","12","3 out of 5 stars","-14"
"155",10,"Michael Penix Jr.",ATL,"QB25","5","4 out of 5 stars","+16"
"156",10,"Braelon Allen",NYJ,"RB50","9","5 out of 5 stars","+22"
"157",10,"Justice Hill",BAL,"RB51","7","4 out of 5 stars","+45"
"158",10,"Rico Dowdle",CAR,"RB52","14","3 out of 5 stars","+46"
"159",10,"Marquise Brown",KC,"WR64","10","3 out of 5 stars","-3"
"160",10,"Philadelphia Eagles",PHI,"DST2","9","2 out of 5 stars","-44"
"161",10,"DeMario Douglas",NE,"WR65","14","3 out of 5 stars","+54"
"162",10,"Jaydon Blue",DAL,"RB53","10","2 out of 5 stars","-27"
"163",10,"Mike Gesicki",CIN,"TE18","10","2 out of 5 stars","+49"
"164",10,"Zach Ertz",WAS,"TE19","12","3 out of 5 stars","-13"
"165",10,"Kyle Pitts Sr.",ATL,"TE20","5","3 out of 5 stars","-27"
"166",10,"Sam Darnold",SEA,"QB26","8","4 out of 5 stars","+51"
"167",10,"Romeo Doubs",GB,"WR66","5","2 out of 5 stars","+34"
"168",10,"Dylan Sampson",CLE,"RB54","9","4 out of 5 stars","+8"
"169",10,"Jonnu Smith",PIT,"TE21","5","3 out of 5 stars","-59"
"170",10,"Baltimore Ravens",BAL,"DST3","7","3 out of 5 stars","-38"
"171",10,"Bhayshul Tuten",JAC,"RB55","8","2 out of 5 stars","-29"
"172",10,"Kareem Hunt",KC,"RB56","10","2 out of 5 stars","+14"
"173",10,"Jaylen Wright",MIA,"RB57","12","4 out of 5 stars","+9"
"174",10,"Nick Chubb",HOU,"RB58","6","2 out of 5 stars","-26"
"175",11,"Pittsburgh Steelers",PIT,"DST4","5","3 out of 5 stars","-46"
"176",11,"Minnesota Vikings",MIN,"DST5","6","2 out of 5 stars","-29"
"177",11,"Xavier Legette",CAR,"WR67","14","4 out of 5 stars","-2"
"178",11,"Isaac Guerendo",SF,"RB59","14","3 out of 5 stars","-35"
"179",11,"Houston Texans",HOU,"DST6","6","2 out of 5 stars","-29"
"180",11,"Michael Wilson",ARI,"WR68","8","4 out of 5 stars","+139"
"181",11,"Kyle Williams",NE,"WR69","14","3 out of 5 stars","-1"
"182",11,"Alec Pierce",IND,"WR70","11","4 out of 5 stars","+65"
"183",11,"Detroit Lions",DET,"DST7","8","1 out of 5 stars","-10"
"184",11,"Buffalo Bills",BUF,"DST8","7","5 out of 5 stars","-45"
"185",11,"Aaron Rodgers",PIT,"QB27","5","4 out of 5 stars","+29"
"186",11,"Jack Bech",LV,"WR71","8","4 out of 5 stars","-28"
"187",11,"Calvin Austin III",PIT,"WR72","5","4 out of 5 stars","+100"
"188",11,"Chig Okonkwo",TEN,"TE22","10","3 out of 5 stars","+33"
"189",11,"Jalen McMillan",TB,"WR73","9","3 out of 5 stars","-1"
"190",11,"MarShawn Lloyd",GB,"RB60","5","4 out of 5 stars","+35"
"191",11,"Andrei Iosivas",CIN,"WR74","10","3 out of 5 stars","+71"
"192",11,"Los Angeles Chargers",LAC,"DST9","12","5 out of 5 stars","+4"
"193",11,"San Francisco 49ers",SF,"DST10","14","5 out of 5 stars","-27"
"194",11,"Pat Freiermuth",PIT,"TE23","5","3 out of 5 stars","-11"
"195",11,"Brenton Strange",JAC,"TE24","8","3 out of 5 stars","-6"
"196",11,"Cameron Ward",TEN,"QB28","10","2 out of 5 stars","+7"
"197",11,"Kansas City Chiefs",KC,"DST11","10","1 out of 5 stars","-18"
"198",11,"Joshua Palmer",BUF,"WR75","7","3 out of 5 stars","+22"
"199",11,"Darius Slayton",NYG,"WR76","14","2 out of 5 stars","+67"
"200",11,"Mason Taylor",NYJ,"TE25","9","3 out of 5 stars","+28"
"201",11,"Seattle Seahawks",SEA,"DST12","8","3 out of 5 stars","+33"
"202",11,"Cade Otton",TB,"TE26","9","3 out of 5 stars","+11"
"203",11,"Los Angeles Rams",LAR,"DST13","8","3 out of 5 stars","+19"
"204",11,"Anthony Richardson Sr.",IND,"QB29","11","3 out of 5 stars","-9"
"205",11,"Green Bay Packers",GB,"DST14","5","2 out of 5 stars","-13"
"206",11,"Pat Bryant",DEN,"WR77","12","3 out of 5 stars","+70"
"207",11,"Devaughn Vele",DEN,"WR78","12","3 out of 5 stars","+198"
"208",11,"Blake Corum",LAR,"RB61","8","3 out of 5 stars","+16"
"209",12,"Juwan Johnson",NO,"TE27","11","3 out of 5 stars","+99"
"210",12,"Will Shipley",PHI,"RB62","9","3 out of 5 stars","+19"
"211",12,"Tyler Lockett",TEN,"WR79","10","4 out of 5 stars","+37"
"212",12,"Brandon Aubrey",DAL,"K1","10","4 out of 5 stars","-107"
"213",12,"Miles Sanders",DAL,"RB63","10","2 out of 5 stars","+31"
"214",12,"Cameron Dicker",LAC,"K2","12","5 out of 5 stars","-94"
"215",12,"Jake Bates",DET,"K3","8","1 out of 5 stars","-81"
"216",12,"Jarquez Hunter",LAR,"RB64","8","3 out of 5 stars","+22"
"217",12,"Dontayvion Wicks",GB,"WR80","5","2 out of 5 stars","+57"
"218",12,"Elic Ayomanor",TEN,"WR81","10","4 out of 5 stars","+93"
"219",12,"Darren Waller",MIA,"TE28","12","3 out of 5 stars","-29"
"220",12,"Kendre Miller",NO,"RB65","11","4 out of 5 stars","+61"
"221",12,"DeAndre Hopkins",BAL,"WR82","7","3 out of 5 stars","-15"
"222",12,"Dont'e Thornton Jr.",LV,"WR83","8","4 out of 5 stars","+28"
"223",12,"Chase McLaughlin",TB,"K4","9","3 out of 5 stars","-78"
"224",12,"Ka'imi Fairbairn",HOU,"K5","6","3 out of 5 stars","-70"
"225",12,"Dallas Cowboys",DAL,"DST15","10","0 out of 5 stars","-38"
"226",12,"Dalton Schultz",HOU,"TE29","6","3 out of 5 stars","+4"
"227",12,"Wil Lutz",DEN,"K6","12","5 out of 5 stars","-42"
"228",12,"Tyler Bass",BUF,"K7","7","2 out of 5 stars","-58"
"229",12,"DJ Giddens",IND,"RB66","11","2 out of 5 stars","+24"
"230",12,"Harrison Butker",KC,"K8","10","3 out of 5 stars","-63"
"231",12,"Matt Gay",WAS,"K9","12","3 out of 5 stars","-23"
"232",12,"Chris Boswell",PIT,"K10","5","1 out of 5 stars","-79"
"233",12,"Elijah Mitchell",KC,"RB67","10","2 out of 5 stars","-1"
"234",12,"Jalen Coker",CAR,"WR84","14","4 out of 5 stars","+91"
"235",12,"Raheem Mostert",LV,"RB68","8","2 out of 5 stars","-12"
"236",12,"Jake Elliott",PHI,"K11","9","2 out of 5 stars","-67"
"237",12,"Russell Wilson",NYG,"QB30","14","1 out of 5 stars","+15"
"238",12,"Diontae Johnson",CLE,"WR85","9","2 out of 5 stars","+74"
"239",12,"Jalen Tolbert",DAL,"WR86","10","2 out of 5 stars","+161"
"240",12,"Ray-Ray McCloud III",ATL,"WR87","5","3 out of 5 stars","+78"
"241",12,"Jaylin Noel",HOU,"WR88","6","4 out of 5 stars","+32"
"242",12,"Ja'Tavion Sanders",CAR,"TE30","14","4 out of 5 stars","+36"
"243",12,"Ty Johnson",BUF,"RB69","7","4 out of 5 stars","+192"
"244",12,"Elijah Arroyo",SEA,"TE31","8","4 out of 5 stars","-18"
"245",12,"Keaton Mitchell",BAL,"RB70","7","4 out of 5 stars","+34"
"246",12,"Jaleel McLaughlin",DEN,"RB71","12","2 out of 5 stars","+39"
"247",12,"Evan McPherson",CIN,"K12","10","1 out of 5 stars","-53"
"248",12,"Tyler Loop",BAL,"K13","7","2 out of 5 stars","-38"
"249",12,"Tutu Atwell",LAR,"WR89","8","3 out of 5 stars","+79"
"250",12,"New York Jets",NYJ,"DST16","9","5 out of 5 stars","-53"
"251",12,"Dyami Brown",JAC,"WR90","8","4 out of 5 stars","+24"
"252",12,"Theo Johnson",NYG,"TE32","14","2 out of 5 stars","+30"
"253",12,"Keenan Allen",FA,"WR91","-","-","+10"
"254",12,"Noah Gray",KC,"TE33","10","3 out of 5 stars","+11"
"255",12,"Devin Neal",NO,"RB72","11","4 out of 5 stars","+25"
"256",13,"Tyler Conklin",LAC,"TE34","12","3 out of 5 stars","+60"
"257",13,"Samaje Perine",CIN,"RB73","10","4 out of 5 stars","+33"
"258",13,"Tahj Brooks",CIN,"RB74","10","4 out of 5 stars","-1"
"259",13,"Brandon McManus",GB,"K14","5","3 out of 5 stars","-18"
"260",13,"Jason Sanders",MIA,"K15","12","2 out of 5 stars","-83"
"261",13,"Brashard Smith",KC,"RB75","10","2 out of 5 stars","+6"
"262",13,"New England Patriots",NE,"DST17","14","4 out of 5 stars","-46"
"263",13,"Tyler Shough",NO,"QB31","11","5 out of 5 stars","+52"
"264",13,"Adonai Mitchell",IND,"WR92","11","4 out of 5 stars","+75"
"265",13,"Younghoe Koo",ATL,"K16","5","4 out of 5 stars","-81"
"266",13,"Tyler Higbee",LAR,"TE35","8","4 out of 5 stars","+4"
"267",13,"Arizona Cardinals",ARI,"DST18","8","4 out of 5 stars","-56"
"268",13,"Tre Tucker",LV,"WR93","8","4 out of 5 stars","+141"
"269",13,"Allen Lazard",NYJ,"WR94","9","4 out of 5 stars","+155"
"270",13,"Jordan Whittington",LAR,"WR95","8","3 out of 5 stars","+89"
"271",13,"Kyle Monangai",CHI,"RB76","5","3 out of 5 stars","-11"
"272",13,"Joshua Karty",LAR,"K17","8","2 out of 5 stars","-23"
"273",13,"Tampa Bay Buccaneers",TB,"DST19","9","3 out of 5 stars","-64"
"274",13,"Jalen Nailor",MIN,"WR96","6","2 out of 5 stars","+88"
"275",13,"Woody Marks",HOU,"RB77","6","2 out of 5 stars","+2"
"276",13,"Sean Tucker",TB,"RB78","9","3 out of 5 stars","+27"
"277",13,"Joe Flacco",CLE,"QB32","9","2 out of 5 stars","+12"
"278",13,"Jaxson Dart",NYG,"QB33","14","1 out of 5 stars","-27"
"279",13,"Noah Brown",WAS,"WR97","12","3 out of 5 stars","+169"
"280",13,"Jalen Royals",KC,"WR98","10","3 out of 5 stars","-35"
"281",13,"Roman Wilson",PIT,"WR99","5","4 out of 5 stars","+7"
"282",13,"Ollie Gordon II",MIA,"RB79","12","4 out of 5 stars","-11"
"283",13,"Brandin Cooks",NO,"WR100","11","4 out of 5 stars","+132"
"284",13,"Chicago Bears",CHI,"DST20","5","2 out of 5 stars","-79"
"285",13,"Kayshon Boutte",NE,"WR101","14","3 out of 5 stars","+15"
"286",13,"Nick Westbrook-Ikhine",MIA,"WR102","12","3 out of 5 stars","+145"
"287",13,"Daniel Jones",IND,"QB34","11","3 out of 5 stars","+39"
"288",13,"Isaiah Davis",NYJ,"RB80","9","5 out of 5 stars","+435"
"289",13,"Trevor Etienne",CAR,"RB81","14","3 out of 5 stars","-25"
"290",13,"Jake Moody",SF,"K18","14","5 out of 5 stars","-57"
"291",13,"Devin Singletary",NYG,"RB82","14","3 out of 5 stars","+95"
"292",13,"Parker Washington",JAC,"WR103","8","4 out of 5 stars","+207"
"293",13,"Cole Kmet",CHI,"TE36","5","4 out of 5 stars","-39"
"294",13,"Malik Washington",MIA,"WR104","12","3 out of 5 stars","+257"
"295",13,"Dameon Pierce",HOU,"RB83","6","2 out of 5 stars","+86"
"296",13,"Kenneth Gainwell",PIT,"RB84","5","4 out of 5 stars","+106"
"297",13,"Ben Sinnott",WAS,"TE37","12","3 out of 5 stars","+81"
"298",13,"Greg Dortch",ARI,"WR105","8","4 out of 5 stars","+169"
"299",13,"Elijah Moore",BUF,"WR106","7","3 out of 5 stars","+42"
"300",13,"Antonio Gibson",NE,"RB85","14","4 out of 5 stars","+7"
"301",13,"Audric Estime",DEN,"RB86","12","2 out of 5 stars","+43"
"302",13,"Taysom Hill",NO,"TE38","11","3 out of 5 stars","-56"
"303",13,"Harold Fannin Jr.",CLE,"TE39","9","3 out of 5 stars","+32"
"304",14,"Jacory Croskey-Merritt",WAS,"RB87","12","2 out of 5 stars","-67"
"305",14,"Tim Patrick",DET,"WR107","8","3 out of 5 stars","+19"
"306",14,"Alexander Mattison",MIA,"RB88","12","4 out of 5 stars","+135"
"307",14,"Josh Reynolds",NYJ,"WR108","9","4 out of 5 stars","+482"
"308",14,"Amari Cooper",FA,"WR109","-","-","+50"
"309",14,"Tory Horton",SEA,"WR110","8","3 out of 5 stars","+43"
"310",14,"Demarcus Robinson",SF,"WR111","14","4 out of 5 stars","+151"
"311",14,"Terrance Ferguson",LAR,"TE40","8","4 out of 5 stars","-39"
"312",14,"Jalen Milroe",SEA,"QB35","8","4 out of 5 stars","-43"
"313",14,"Cleveland Browns",CLE,"DST21","9","3 out of 5 stars","-73"
"314",14,"A.J. Dillon",PHI,"RB89","9","3 out of 5 stars","-12"
"315",14,"KaVontae Turpin",DAL,"WR112","10","2 out of 5 stars","-20"
"316",14,"Tai Felton",MIN,"WR113","6","2 out of 5 stars","+127"
"317",14,"Emanuel Wilson",GB,"RB90","5","4 out of 5 stars","+120"
"318",14,"Zack Moss",FA,"RB91","-","-","-99"
"319",14,"Daniel Carlson",LV,"K19","8","3 out of 5 stars","-92"
"320",14,"Marquez Valdes-Scantling",SEA,"WR114","8","3 out of 5 stars","+3"
"321",14,"Troy Franklin",DEN,"WR115","12","3 out of 5 stars","-29"
"322",14,"Will Dissly",LAC,"TE41","12","3 out of 5 stars","+18"
"323",14,"Noah Fant",CIN,"TE42","10","2 out of 5 stars","+62"
"324",14,"Miami Dolphins",MIA,"DST22","12","2 out of 5 stars","-68"
"325",14,"Emari Demercado",ARI,"RB92","8","3 out of 5 stars","+385"
"326",14,"Kyle Juszczyk",SF,"RB93","14","3 out of 5 stars","+54"
"327",14,"Oronde Gadsden II",LAC,"TE43","12","3 out of 5 stars","+55"
"328",14,"Jordan James",SF,"RB94","14","3 out of 5 stars","+6"
"329",14,"Jahan Dotson",PHI,"WR116","9","3 out of 5 stars","-20"
"330",14,"Curtis Samuel",BUF,"WR117","7","3 out of 5 stars","+134"
"331",14,"Kenny Pickett",CLE,"QB36","9","2 out of 5 stars","+293"
"332",14,"Austin Hooper",NE,"TE44","14","3 out of 5 stars","+6"
"333",14,"Phil Mafah",DAL,"RB95","10","2 out of 5 stars","+536"
"334",14,"Mack Hollins",NE,"WR118","14","3 out of 5 stars","+31"
"335",14,"Xavier Restrepo",TEN,"WR119","10","4 out of 5 stars","-36"
"336",14,"Will Reichard",MIN,"K20","6","0 out of 5 stars","-105"
"337",14,"Jermaine Burton",CIN,"WR120","10","3 out of 5 stars","+79"
"338",14,"Isaac TeSlaa",DET,"WR121","8","3 out of 5 stars","-102"
"339",14,"Hunter Luepke",DAL,"RB96","10","2 out of 5 stars","+164"
"340",14,"Foster Moreau",NO,"TE45","11","3 out of 5 stars","+319"
"341",14,"Damien Martinez",SEA,"RB97","8","3 out of 5 stars","+84"
"342",14,"Cam Akers",NO,"RB98","11","4 out of 5 stars","+186"
"343",14,"Cam Little",JAC,"K21","8","5 out of 5 stars","-49"
"344",14,"Sincere McCormick",LV,"RB99","8","2 out of 5 stars","+132"
"345",14,"Washington Commanders",WAS,"DST23","12","4 out of 5 stars","-110"
"346",14,"Khalil Herbert",IND,"RB100","11","2 out of 5 stars","+260"
"347",14,"Michael Mayer",LV,"TE46","8","2 out of 5 stars","-17"
"348",14,"Shedeur Sanders",CLE,"QB37","9","2 out of 5 stars","-106"
"349",14,"Matt Prater",FA,"K22","-","-","+200"
"350",14,"Spencer Rattler",NO,"QB38","11","5 out of 5 stars","+96"
"351",14,"Graham Gano",NYG,"K23","14","0 out of 5 stars","-50"
"352",14,"Savion Williams",GB,"WR122","5","2 out of 5 stars","+68"
"353",14,"Luke Musgrave",GB,"TE47","5","2 out of 5 stars","-32"
"354",14,"Luke McCaffrey",WAS,"WR123","12","3 out of 5 stars","-34"
"355",14,"Dawson Knox",BUF,"TE48","7","3 out of 5 stars","-58"
"356",14,"Blake Grupe",NO,"K24","11","5 out of 5 stars","-65"
"357",14,"Kimani Vidal",LAC,"RB101","12","2 out of 5 stars","+64"
"358",14,"Nick Folk",NYJ,"K25","9","2 out of 5 stars","+17"
"359",14,"Cairo Santos",CHI,"K26","5","1 out of 5 stars","-76"
"360",14,"Isaiah Bond",FA,"WR124","-","-","-"
"361",14,"Luke Schoonmaker",DAL,"TE49","10","2 out of 5 stars","0"
"362",14,"Tommy Tremble",CAR,"TE50","14","4 out of 5 stars","+57"
"363",14,"Kendrick Bourne",NE,"WR125","14","3 out of 5 stars","+8"
"364",15,"Tez Johnson",TB,"WR126","9","3 out of 5 stars","+40"
"365",15,"Josh Oliver",MIN,"TE51","6","3 out of 5 stars","-10"
"366",15,"Gabe Davis",FA,"WR127","-","-","-"
"367",15,"Jaylin Lane",WAS,"WR128","12","3 out of 5 stars","+71"
"368",15,"Christian Watson",GB,"WR129","5","2 out of 5 stars","-39"
"369",15,"Chimere Dike",TEN,"WR130","10","4 out of 5 stars","+168"
"370",15,"John Metchie III",HOU,"WR131","6","4 out of 5 stars","+248"
"371",15,"Ty Chandler",MIN,"RB102","6","3 out of 5 stars","+2"
"372",15,"Kirk Cousins",ATL,"QB39","5","4 out of 5 stars","-68"
"373",15,"AJ Barner",SEA,"TE52","8","4 out of 5 stars","-60"
"374",15,"Jalin Hyatt",NYG,"WR132","14","2 out of 5 stars","-17"
"375",15,"Jason Myers",SEA,"K27","8","5 out of 5 stars","-91"
"376",15,"Olamide Zaccheaus",CHI,"WR133","5","2 out of 5 stars","+34"
"377",15,"Tyrod Taylor",NYJ,"QB40","9","5 out of 5 stars","+191"
"378",15,"Chris Brooks",GB,"RB103","5","4 out of 5 stars","+168"
"379",15,"Jacob Cowing",SF,"WR134","14","4 out of 5 stars","+128"
"380",15,"New York Giants",NYG,"DST24","14","1 out of 5 stars","-162"
"381",15,"Cade Stover",HOU,"TE53","6","3 out of 5 stars","+107"
"382",15,"KeAndre Lambert-Smith",LAC,"WR135","12","3 out of 5 stars","+11"
"383",15,"LeQuint Allen Jr.",JAC,"RB104","8","2 out of 5 stars","+73"
"384",15,"Gunnar Helm",TEN,"TE54","10","3 out of 5 stars","+226"
"385",15,"Josh Whyle",TEN,"TE55","10","3 out of 5 stars","+244"
"386",15,"Raheim Sanders",LAC,"RB105","12","2 out of 5 stars","+512"
"387",15,"Jimmy Garoppolo",LAR,"QB41","8","3 out of 5 stars","+16"
"388",15,"Chris Rodriguez Jr.",WAS,"RB106","12","2 out of 5 stars","+156"
"389",15,"KhaDarel Hodge",ATL,"WR136","5","3 out of 5 stars","+198"
"390",15,"Hassan Haskins",LAC,"RB107","12","2 out of 5 stars","+84"
"391",15,"Arian Smith",NYJ,"WR137","9","4 out of 5 stars","+143"
"392",15,"Taylor Heinicke",LAC,"QB42","12","3 out of 5 stars","+256"
"393",15,"Jameis Winston",NYG,"QB43","14","1 out of 5 stars","-51"
"394",15,"Kalel Mullings",TEN,"RB108","10","2 out of 5 stars","+482"
"395",15,"Gus Edwards",FA,"RB109","-","-","-"
"396",15,"Tyler Badie",DEN,"RB110","12","2 out of 5 stars","+221"
"397",15,"Jeremy Ruckert",NYJ,"TE56","9","3 out of 5 stars","+294"
"398",15,"Mac Jones",SF,"QB44","14","4 out of 5 stars","-32"
"399",15,"Robert Woods",PIT,"WR138","5","4 out of 5 stars","-43"
"400",15,"Michael Burton",DEN,"RB111","12","2 out of 5 stars","+116"
"401",15,"Clyde Edwards-Helaire",NO,"RB112","11","4 out of 5 stars","+69"
"402",15,"Jonathan Mingo",DAL,"WR139","10","2 out of 5 stars","+77"
"403",15,"Jeremy McNichols",WAS,"RB113","12","2 out of 5 stars","+59"
"404",15,"Donovan Edwards",NYJ,"RB114","9","5 out of 5 stars","+369"
"405",15,"Zamir White",LV,"RB115","8","2 out of 5 stars","-10"
"406",15,"Malachi Corley",NYJ,"WR140","9","4 out of 5 stars","+174"
"407",15,"Joshua Dobbs",NE,"QB45","14","5 out of 5 stars","-62"
"408",15,"Elijah Higgins",ARI,"TE57","8","5 out of 5 stars","-17"
"409",15,"Van Jefferson",TEN,"WR141","10","4 out of 5 stars","+120"
"410",15,"Craig Reynolds",DET,"RB116","8","2 out of 5 stars","-43"
"411",15,"Pierre Strong Jr.",CLE,"RB117","9","4 out of 5 stars","-"
"412",15,"Chad Ryland",ARI,"K28","8","3 out of 5 stars","-95"
"413",15,"Joe Milton III",DAL,"QB46","10","2 out of 5 stars","-80"
"414",15,"Tank Dell",HOU,"WR142","6","4 out of 5 stars","-118"
"415",15,"Harrison Bryant",PHI,"TE58","9","3 out of 5 stars","+115"
"416",15,"Grant Calcaterra",PHI,"TE59","9","3 out of 5 stars","-85"
"417",15,"Ja'Lynn Polk",NE,"WR143","14","3 out of 5 stars","+105"
"418",15,"Stone Smartt",NYJ,"TE60","9","3 out of 5 stars","+280"
"419",15,"JuJu Smith-Schuster",KC,"WR144","10","3 out of 5 stars","-105"
"420",15,"Zay Jones",ARI,"WR145","8","4 out of 5 stars","+367"
"421",15,"Mason Rudolph",PIT,"QB47","5","4 out of 5 stars","+11"
"422",15,"Julius Chestnut",TEN,"RB118","10","2 out of 5 stars","+50"
"423",15,"Julian Hill",MIA,"TE61","12","3 out of 5 stars","-15"
"424",15,"Kyle Trask",TB,"QB48","9","2 out of 5 stars","+254"
"425",15,"Tanner Hudson",CIN,"TE62","10","2 out of 5 stars","-"
"426",15,"Luke Farrell",SF,"TE63","14","3 out of 5 stars","+128"
"427",15,"Mitchell Evans",CAR,"TE64","14","4 out of 5 stars","+2"
"428",15,"Jordan Watkins",SF,"WR146","14","4 out of 5 stars","+350"
"429",15,"Ameer Abdullah",SF,"RB119","14","3 out of 5 stars","+183"
"430",15,"Trey Sermon",PIT,"RB120","5","4 out of 5 stars","+181"
"431",15,"Devontez Walker",BAL,"WR147","7","3 out of 5 stars","+16"
"432",15,"Mitchell Trubisky",BUF,"QB49","7","4 out of 5 stars","-69"